{"cameraMode":{"drawMode":0,"name":"Shaded","section":"Shading Mode"},"sceneLighting":true,"audioPlay":false,"sceneViewState":{"m_AlwaysRefresh":false,"showFog":true,"showSkybox":true,"showFlares":true,"showImageEffects":true,"showParticleSystems":true,"showVisualEffectGraphs":true,"m_FxEnabled":true},"in2DMode":false,"pivot":{"x":112.99909973144531,"y":26.37761878967285,"z":-10.88590145111084},"rotation":{"x":-0.022930003702640535,"y":0.6326005458831787,"z":0.01885981112718582,"w":0.7740522623062134},"size":70.71244812011719,"orthographic":false}